,0
gnu/,9
many,7
american,6
political,5
nearly,5
often,5
since,4
laymen,4
greek,4
military,4
first,4
would,4
high,4
white,4
shows,4
although,4
report,4
known,4
states,4
women,3
sometimes,3
destroyed,3
communist,3
government,3
country,3
family,3
however,3
capture,3
held,3
attacks,3
free,3
official,3
another,3
research,3
people,3
belief,3
reported,3
killed,3
know,3
found,3
either,3
ever,3
described,3
fact,3
emerging,3
ultra-,3
sic,3
rights,3
established,3
served,3
river,3
jewish,3
despite,3
republican,3
his/her,2
several,2
still,2
possess,2
actress,2
ad,2
occurs,2
allegations,2
persian,2
one,2
opposing,2
god,2
critics,2
local,2
network,2
young,2
works,2
modern,2
city,2
even,2
lack,2
new,2
members,2
second,2
royal,2
traditional,2
may,2
british,2
documented,2
european,2
former,2
alleged,2
temporary,2
faith,2
he/she,2
opinion,2
numerous,2
muslim,2
recognized,2
functions,2
could,2
character,2
right,2
secretly,2
rgime,2
democratic,2
note,2
makes,2
manning,2
partly,2
husband,2
also,2
democrats,2
sky,2
azeri,2
believed,2
excess,2
arguing,2
co-,2
four,2
justice,2
fireman,2
fictional,2
considered,2
recognised,2
st,2
ago,2
peeress,2
samaria,2
oriental,2
honor,2
began,2
islamic,2
endured,2
accused,2
female,2
native,2
national,2
world,2
islamist,2
historical,2
promoted,2
religious,2
adp,2
mediterranean,2
allowed,2
support,2
pok,2
special,2
well,2
stating,2
owns,2
group,2
dokdo,2
said,2
determined,2
netural,2
received,2
used,2
always,2
total,2
breakthrough,2
woman,1
4,1
amd64,1
unwelcome,1
shooting,1
nonstandard,1
prone,1
palestinian,1
need,1
son,1
segregationist,1
font,1
error,1
christian,1
outdelivered,1
solve,1
kurds,1
narrowmindedness,1
tools,1
felt,1
poopies,1
follow,1
chastisement,1
celebrity,1
9,1
theorist,1
ukrainian,1
society,1
seems,1
negroes,1
bosnia,1
youngest,1
throughout,1
adult,1
seek,1
gp140,1
necessitated,1
drift,1
became,1
form,1
big,1
complaint,1
violent,1
weakened,1
disinterested,1
anti-mormons,1
tabloid,1
submit,1
britain,1
animosity,1
serbo-croat,1
undermines,1
associated,1
variety,1
taiwan,1
/ecoterriost,1
back,1
suggest,1
ridden,1
risqu,1
rejected,1
within,1
berenstain,1
sar,1
reversed,1
behaviour,1
colloquial,1
500,1
volatile,1
pilgrimage,1
serious,1
near-,1
concluding,1
claimed,1
elimination,1
using,1
fleur,1
expulsions,1
cracker,1
breakaway,1
methods,1
seen,1
loophole,1
largely,1
chicago,1
anticipation,1
flashing,1
typically,1
effects,1
benefactress,1
world-class,1
endorsing,1
's,1
viewed,1
awardwinning,1
enforce,1
midhusband,1
expected,1
briefly,1
noting,1
kpa,1
difficult-to-watch,1
descends,1
machiavel,1
connotes,1
handling,1
neo-fascism,1
retaliatory,1
central,1
blind,1
fever,1
minimalists,1
maintained,1
shear,1
colonization,1
dumping,1
risk,1
sebestacommonly,1
independent,1
capturesthe,1
comparable,1
impose,1
satire,1
causes,1
reclaim,1
jerusalem,1
prince,1
embracing,1
model,1
adj,1
touching,1
executions,1
wall,1
doctrine,1
bloomed,1
negro,1
supremacist,1
believe,1
maintain,1
stalinist,1
gilad,1
issues,1
client,1
confectionery,1
headquarter,1
russia,1
2015,1
ones,1
communication,1
entity,1
foundress,1
survived,1
better,1
life,1
south,1
feat,1
tory,1
scholarly,1
approached,1
superiority,1
merge,1
exaggerated,1
hector,1
malpheasant,1
subject,1
faithful,1
ruled,1
fortunatly,1
alexandra,1
unbelievers,1
retain,1
evolution,1
overhastily,1
tribe,1
pseudohistory,1
deuterocanonical,1
loudest,1
genetics,1
current,1
neutralism,1
rusyn,1
27-year-old,1
drove,1
ireland,1
featured,1
israelitesthe,1
ideology,1
animal,1
julian,1
blue,1
ww2,1
intensly,1
hughes,1
reviewers,1
following,1
german,1
whites,1
gave,1
active,1
alarm,1
conceding,1
/post,1
peace,1
pseudo-history,1
power,1
suppressed,1
opposite,1
initially,1
apocalyptic,1
vararakn,1
soon-to-be-ex-,1
completely,1
screamed,1
initiated,1
microkernel,1
fame,1
void,1
misreport,1
mode,1
israelite,1
artificial,1
reflects,1
movement,1
sometimesdepends,1
less-than-fact-based,1
marriage,1
seeds,1
indicated,1
foremost,1
leona,1
notable,1
loyalist,1
perticulary,1
denominations,1
naturalistic,1
supervillainess,1
chen,1
call,1
males,1
heterosexual,1
pleasant,1
apostolic,1
whim,1
strong,1
compatriots,1
sabbath,1
since-debunked,1
politician,1
points,1
comau,1
dates,1
tendentiously,1
worldwide,1
apartheid,1
reform,1
hold,1
adulation,1
mainline,1
services,1
football,1
eventuality,1
2nd,1
proponents,1
regarded,1
strip,1
overall,1
syncretistic,1
sodomy,1
sunni,1
masseuse,1
advocacy,1
civilian,1
involving,1
epitaph,1
pivotal,1
towns,1
dance,1
zionism,1
information,1
television,1
drama,1
reporter,1
ironically-named,1
inform,1
past,1
too-,1
ground,1
taped,1
evacuation,1
deaths,1
clear,1
abstain,1
force,1
valorously,1
praising,1
cascadia,1
definable,1
artful,1
company,1
conspired,1
untied,1
fallen,1
circular,1
ai,1
serbo-croatian,1
padanians,1
pervasive,1
improvements,1
-slovak,1
iroquois,1
zone,1
re-christened,1
malvinas/,1
next,1
escaping,1
cry,1
besides,1
x,1
advancement,1
redeem,1
christ,1
less,1
plaguing,1
common,1
workers,1
showed,1
brand,1
extrem,1
islam,1
invasion,1
view,1
surrendered,1
alias,1
hardcore,1
now-infamous,1
allege,1
preemptive,1
islands,1
thus,1
minutes,1
imran,1
romania,1
pyrex,1
birth,1
region,1
exploited,1
five,1
harassing,1
main,1
english,1
michelle,1
copy,1
corporate,1
moderates,1
lot,1
imagined,1
humbling,1
observed,1
conclude,1
took,1
pseudo-cosmic,1
vision,1
php,1
security,1
bisexuality,1
aeroplane,1
jenilee,1
religions,1
poooooooo,1
operates,1
little,1
early,1
discovered,1
stationed,1
federal,1
tradition,1
activists,1
diminution,1
felony,1
popularly,1
feminists,1
wite,1
lithuania,1
county,1
democratisation,1
conventional,1
instructed,1
david,1
musicologist,1
duplexes,1
long,1
arkansas,1
lip-service,1
possesses,1
hallucinations,1
grave,1
artist,1
lusitania,1
termination,1
reuniting,1
hampered,1
himself/herself,1
populations,1
adopt,1
neutralise,1
panel,1
cotton,1
living,1
fiction,1
star,1
aditionally,1
expos,1
islamofascism,1
pouted,1
ulster,1
axe,1
deep,1
suprising,1
joked,1
ladies,1
homosexual,1
commentators,1
wi,1
agnostic,1
taxonomic,1
glow,1
syrian,1
militant,1
settlers,1
assisted,1
scientists,1
criticizing,1
noted,1
irish,1
resulting,1
alleging,1
displacing,1
old,1
newspaper,1
wrangler,1
bulgarian,1
near,1
currently,1
knowledge,1
disease,1
massive,1
records,1
canadian,1
vampiress,1
stronghold,1
includingradio,1
hottentot,1
wing,1
deserted,1
merited,1
ca,1
rss,1
regime,1
april,1
practise,1
democracy,1
croato-serbian,1
bloody,1
preposition,1
heart,1
realizing,1
families,1
class,1
insist,1
public,1
admission,1
historian,1
conquest,1
allied,1
apes,1
handicaps,1
blowout,1
submarines,1
winning,1
proposed,1
wildcat,1
mudered,1
frequently,1
squeaky-clean,1
right-wing,1
ban,1
gurmukhi,1
fuhrer,1
hooker,1
readmitted,1
intact,1
shamaness,1
discussed,1
mixing,1
none,1
great,1
vain,1
failing,1
lollies,1
ustasa,1
bakries,1
prime,1
seldomly,1
age,1
march,1
voluntary,1
protestants,1
anarchist,1
bribes,1
blog,1
solutions,1
fogh,1
including,1
restoration,1
repatriations,1
/actress,1
intervention,1
hahagohusa,1
illustrate,1
conduct,1
day,1
hirohito,1
000,1
truism,1
wrong,1
home,1
saving,1
janssen,1
maytrdom,1
challenged,1
finalist,1
curb,1
irishmen,1
micromanaged,1
7,1
anachronistic,1
responsibility,1
antibody,1
/hack,1
help,1
comprises,1
personal,1
deliberate,1
cockroach,1
completed,1
appropriate,1
/legend,1
sunders,1
armed,1
civil,1
armenia,1
tenant,1
fervant,1
claims,1
simply,1
forger,1
best-,1
expensive,1
shaheed,1
would-be,1
suite,1
unsiprisingly,1
ability,1
misconcepted,1
fashion,1
like,1
rudumentory,1
evidence,1
scholars,1
receiving,1
courtiers,1
ex-yugoslavian,1
co-opted,1
mahanayak,1
sodomising,1
rather,1
extensive,1
atheist,1
sutra,1
removed,1
goliath,1
groups,1
domestic,1
gorilla,1
impractically,1
scotland,1
tribes,1
history,1
thier,1
artistic,1
post-modern,1
etymological,1
fierce,1
him/her,1
nationalization,1
valigarmanda,1
caucasoid,1
implies,1
washed,1
red,1
courts,1
demands,1
hell,1
contempt,1
enables,1
required,1
minority,1
users,1
charge,1
leaderships,1
ocuppied,1
promised,1
reformed,1
governor,1
tenmalejournalists,1
kashmiris,1
flagship,1
inclusion,1
protections,1
strongly,1
appreciated,1
cofounder,1
avoids,1
enshrines,1
crimes,1
organizations,1
much-ballyhooed,1
exploit,1
everything,1
satanists,1
important,1
committing,1
pastunistan,1
bringing,1
owing,1
proclaiming,1
orthodox,1
styled,1
spearheading,1
conspiracies,1
battle,1
presented,1
knowing,1
self-identified,1
unfiarly,1
strand,1
push,1
-but-problematic,1
co-founder,1
platinum,1
capital,1
close,1
objectivity,1
bitterness,1
-speaking,1
gentile,1
lady,1
bound,1
fable,1
personally,1
science,1
joint,1
plexiglas,1
left-oppositonalists,1
amalgamated,1
hypnotic,1
achaemenid,1
translate,1
semiconductors,1
deals,1
irregardless,1
flanders,1
worked,1
settlersyitzhak,1
launches,1
kingdoms,1
increasingly,1
fractionally,1
fait-divers,1
sister,1
might,1
man,1
humanity,1
confirmed,1
bluecher,1
revolt,1
leading,1
ns,1
mayrted,1
money,1
attacking,1
collided,1
repression,1
partner,1
hum,1
silliness,1
overturning,1
scored,1
con-artist,1
incredibley,1
polemicist,1
violates,1
attacked,1
argument,1
factions,1
coincidentally,1
targetted,1
freedom,1
pederant,1
october,1
publicly,1
imposed,1
programmers,1
managed,1
alfred,1
dictation,1
build,1
qualifications,1
state,1
brexiteer,1
fake,1
death,1
confirming,1
perhaps,1
goes,1
tried,1
values,1
indicates,1
gareth,1
mismanagement,1
producers,1
church,1
reclusive,1
kosovar,1
mimic,1
resorted,1
fear,1
axis-allied,1
evolutionary,1
kaffir,1
racism,1
service,1
administered,1
coca,1
prescriptively,1
breeding,1
world-renowned,1
look,1
escort,1
swiss,1
honourably,1
slaying,1
threatened,1
mass-murderer,1
protagonists,1
dr,1
conflict,1
recognition,1
civilians,1
females,1
aconsnd,1
interventions,1
fittingly,1
success,1
modernized,1
fled,1
albeit,1
three,1
formal,1
researchers,1
nationhood,1
sovereignty,1
israel,1
complicatedly,1
facts,1
sponsors,1
reveal,1
combat,1
criticizes,1
represents,1
favorites,1
provoked,1
assyrian/,1
erotic,1
religion,1
future,1
pseudoreligious,1
persecutions,1
third,1
hip,1
associates,1
claiming,1
surya,1
citing,1
bigots,1
moves,1
annexation,1
exhibits,1
buggy,1
strawfeminism,1
champion,1
absorbtion,1
fredrikshamn,1
staff,1
monkeys,1
keeping,1
guard,1
literal,1
india,1
us,1
translation,1
supermegastar,1
orchestarted,1
tells,1
hsh,1
technical,1
lost,1
saves,1
enjoyed,1
sequestrate,1
theories,1
selling,1
sharif,1
addicts,1
excommunications,1
indian,1
chinese,1
promiscuity,1
settlement,1
mischaracterise,1
southerners,1
fornication,1
fourteenth,1
though,1
stars,1
denied,1
impacts,1
analysing,1
immigrant,1
seizure,1
truth,1
reestablishment,1
shitislam,1
romanians,1
rate,1
immediately,1
townshend,1
kidnappers,1
heard,1
goverment,1
administration,1
bleah,1
achieved,1
tale,1
nationalists,1
prophet-founder,1
proving,1
informers,1
describes,1
volksdeutsche,1
han,1
similar,1
superhuman,1
rivals,1
late,1
explore,1
executive,1
rag,1
recruiting,1
turks,1
albanian,1
sexual,1
rock,1
attack,1
record,1
unproven,1
citizens,1
self-described,1
abd,1
significantly,1
included,1
predominantly,1
mosfet,1
varangians,1
mexico,1
limits,1
allegely,1
deemed,1
inhibits,1
six,1
legal,1
unselfish,1
zunghar,1
entres,1
dollars,1
international,1
over-inflated,1
mind-boggling,1
pola,1
remained,1
welcomed,1
returned,1
introduced,1
satellites,1
software,1
left-wing,1
successor,1
event,1
cogently,1
emancipated,1
hyderabadi,1
transferred,1
killing,1
key,1
-ruled,1
reich,1
finichieo,1
live,1
landing,1
novel,1
staged,1
humans,1
complaints,1
understand,1
sic-povms,1
-occupation,1
moslem,1
stressed,1
drugged,1
abducted,1
returning,1
fridges,1
experts,1
concede,1
mgk,1
capturing,1
love,1
shimelesin,1
over-,1
business,1
1970s,1
two,1
reciept,1
book,1
world-wide,1
waves,1
umlaut,1
announced,1
shown,1
missippi,1
fence,1
usfi,1
spotted,1
play,1
heavy,1
self-promotional,1
direct,1
patriots,1
implications,1
commonly,1
limited,1
expose,1
argued,1
consternation,1
spain,1
win,1
stepfather,1
well-,1
rumors,1
technologykaust,1
blood,1
greeks,1
massacre,1
hydroperoxyl,1
dismembered,1
himbut,1
automaker,1
superstation,1
initial,1
today,1
nonessential,1
male,1
achievement,1
spiritual,1
layman,1
separation,1
remote,1
liquidity,1
hard,1
lasting,1
led,1
engine,1
scorn,1
high-quality,1
inaccessible,1
tmc,1
neo-nazi,1
approximately,1
yellow,1
coalition,1
martakert,1
sicko,1
19tos,1
mobilization,1
resisted,1
civilisations,1
parinirvana,1
rescuing,1
customary,1
formed,1
superior,1
fascism,1
3,1
ukraine,1
must,1
catholic,1
appear,1
witch-hunt,1
strategic,1
promotional,1
advantages,1
boundary,1
tolerated,1
aprillaws,1
windows,1
expositions,1
rival,1
condemned,1
fued,1
clearly,1
surpass,1
populist,1
generic,1
undermine,1
articulate,1
trodden,1
charges,1
counter-terrorism,1
freed,1
japanese,1
armeekorps,1
tyranny,1
abortion,1
possibility,1
created,1
oppresion,1
invited,1
tracts,1
control,1
advances,1
providing,1
gastrin,1
communications,1
diana,1
distinctive,1
decisive,1
wimmin,1
regretfully,1
advert,1
gang,1
16â€“,1
industry,1
effective,1
elaborated,1
non-nazi,1
teh,1
suffragette,1
phenol,1
toy,1
combating,1
away,1
danbo,1
-pov,1
airstrips,1
dusty,1
protesters,1
incorporation,1
executed,1
selma,1
complete,1
suffered,1
emphasized,1
atrocities,1
gangs,1
/disproportianate,1
multi-millionaire,1
conclusion,1
practice,1
dysmorphic,1
wrote,1
war,1
unilaterally,1
men,1
stealng,1
