,0,1
0,islamic,32
1,arguing,72
2,panel,75
3,varangians,83
4,minority,92
5,multi-millionaire,105
6,living,109
7,rate,119
8,known,124
9,white,129
10,democracy,134
11,stationed,137
12,evacuation,143
13,civilian,147
14,russia,152
15,mayrted,155
16,rights,158
17,ruled,170
18,re-christened,178
19,could,180
20,weakened,182
21,foundress,186
22,big,197
23,total,207
24,screamed,212
25,hooker,219
26,legal,226
27,initiated,227
28,expensive,229
29,wrote,254
30,objectivity,255
31,accused,260
32,variety,265
33,many,276
34,zunghar,277
35,misconcepted,287
36,heard,294
37,past,297
38,rusyn,325
39,antibody,333
40,actress,338
41,opposite,341
42,mosfet,342
43,often,345
44,pastunistan,347
45,alleged,351
46,functions,353
47,female,354
48,drift,356
49,hampered,367
50,considered,381
51,suite,386
52,fictional,408
53,kpa,411
54,attacks,423
55,indicates,431
56,proponents,437
57,interventions,447
58,descends,448
59,artificial,452
60,preemptive,462
61,machiavel,465
62,even,466
63,han,469
64,states,470
65,hardcore,475
66,temporary,476
67,undermine,489
68,deserted,499
69,pseudohistory,508
70,military,517
71,colonization,521
72,bisexuality,530
73,families,536
74,'s,537
75,sometimesdepends,543
76,enjoyed,546
77,presented,554
78,blog,568
79,suffered,575
80,endorsing,597
81,report,598
82,capturesthe,600
83,difficult-to-watch,602
84,realizing,608
85,viewed,609
86,charge,614
87,completely,629
88,coca,636
89,joint,638
90,humans,644
91,american,646
92,however,666
93,high,685
94,gave,696
95,behaviour,702
96,gnu/,707
97,held,720
98,impose,737
99,ever,740
100,/ecoterriost,742
101,satire,745
102,alleging,750
103,conspiracies,753
104,pleasant,776
105,ideology,796
106,fridges,813
107,suprising,819
108,new,822
109,handling,842
110,fence,850
111,european,853
112,tribe,858
113,denied,874
114,alias,897
115,still,899
116,hydroperoxyl,916
117,pseudo-history,920
118,valigarmanda,921
119,manning,925
120,star,926
121,military,928
122,dates,929
123,literal,931
124,people,943
125,adj,945
126,since-debunked,952
127,keeping,957
128,prescriptively,959
129,led,960
130,cogently,964
131,avoids,965
132,7,968
133,scientists,977
134,homosexual,983
135,reveal,988
136,native,1008
137,associated,1010
138,information,1012
139,him/her,1013
140,states,1014
141,free,1017
142,ca,1018
143,documented,1027
144,well,1053
145,implies,1070
146,error,1080
147,non-nazi,1082
148,heterosexual,1089
149,leading,1096
150,form,1113
151,pervasive,1115
152,co-founder,1122
153,taped,1124
154,plaguing,1129
155,nearly,1133
156,immediately,1141
157,belief,1166
158,hell,1175
159,client,1185
160,always,1192
161,wrong,1194
162,loudest,1203
163,industry,1208
164,sponsors,1216
165,poooooooo,1221
166,civil,1230
167,exhibits,1234
168,abd,1239
169,rgime,1243
170,communist,1248
171,newspaper,1250
172,practice,1252
173,government,1254
174,described,1258
175,vision,1259
176,fuhrer,1263
177,capture,1270
178,persian,1275
179,cracker,1278
180,witch-hunt,1287
181,religions,1303
182,fireman,1315
183,negroes,1316
184,partly,1320
185,gnu/,1321
186,translation,1324
187,honor,1342
188,overall,1347
189,romanians,1356
190,commonly,1371
191,translate,1374
192,submarines,1375
193,surpass,1379
194,well-,1385
195,success,1386
196,national,1388
197,albanian,1402
198,suffragette,1415
199,erotic,1427
200,satellites,1435
201,reported,1454
202,domestic,1460
203,seeds,1468
204,nonessential,1470
205,eventuality,1477
206,possesses,1483
207,strawfeminism,1522
208,co-,1529
209,resulting,1532
210,fictional,1535
211,states,1539
212,kosovar,1546
213,fable,1553
214,pseudo-cosmic,1554
215,english,1565
216,ukraine,1567
217,apartheid,1569
218,persian,1578
219,reviewers,1579
220,partner,1580
221,stealng,1598
222,shaheed,1607
223,reformed,1626
224,key,1629
225,rumors,1630
226,confectionery,1636
227,april,1654
228,india,1672
229,capture,1674
230,theories,1683
231,repression,1684
232,thier,1693
233,merge,1698
234,right,1707
235,blowout,1722
236,science,1723
237,deals,1726
238,courts,1727
239,analysing,1731
240,note,1736
241,sodomising,1742
242,failing,1752
243,federal,1766
244,wrangler,1780
245,nonstandard,1784
246,event,1813
247,makes,1817
248,play,1838
249,himself/herself,1845
250,mode,1848
251,-speaking,1855
252,peace,1863
253,emerging,1868
254,greek,1879
255,dictation,1889
256,known,1892
257,sunders,1895
258,axis-allied,1901
259,involving,1913
260,throughout,1920
261,fever,1935
262,chen,1940
263,deaths,1942
264,sky,1961
265,endured,1969
266,tolerated,1978
267,gnu/,1989
268,unproven,1992
269,advocacy,1994
270,established,2000
271,irishmen,2010
272,stepfather,2019
273,gnu/,2022
274,protections,2037
275,royal,2046
276,disease,2048
277,four,2064
278,pivotal,2067
279,finalist,2068
280,tale,2070
281,volatile,2073
282,feat,2085
283,automaker,2086
284,/legend,2095
285,hypnotic,2097
286,danbo,2100
287,waves,2102
288,described,2108
289,historian,2116
290,fireman,2128
291,dysmorphic,2137
292,kurds,2141
293,oppresion,2151
294,rag,2154
295,effective,2158
296,16â€“,2161
297,inhibits,2168
298,israelite,2171
299,report,2172
300,used,2187
301,serbo-croatian,2190
302,welcomed,2192
303,mimic,2193
304,personal,2203
305,initial,2206
306,pok,2207
307,bribes,2210
308,abstain,2212
309,/post,2215
310,record,2220
311,stating,2230
312,left-wing,2232
313,airstrips,2245
314,successor,2248
315,definable,2250
316,x,2261
317,one,2272
318,current,2293
319,st,2306
320,strong,2307
321,humbling,2312
322,known,2316
323,counter-terrorism,2317
324,report,2318
325,contempt,2323
326,rather,2325
327,combating,2327
328,character,2347
329,knowing,2376
330,even,2379
331,flashing,2387
332,turks,2388
333,government,2393
334,former,2408
335,opinion,2410
336,similar,2412
337,responsibility,2413
338,five,2446
339,addicts,2449
340,long,2452
341,communications,2463
342,compatriots,2474
343,abducted,2485
344,hip,2488
345,impacts,2491
346,county,2497
347,although,2501
348,musicologist,2503
349,assyrian/,2504
350,often,2525
351,adult,2532
352,deep,2538
353,mainline,2553
354,state,2555
355,would,2564
356,fiction,2572
357,took,2581
358,blue,2592
359,azeri,2595
360,epitaph,2603
361,country,2618
362,remote,2622
363,assisted,2640
364,shimelesin,2652
365,ukrainian,2665
366,pilgrimage,2669
367,fame,2670
368,admission,2673
369,might,2677
370,simply,2678
371,lot,2680
372,midhusband,2684
373,mischaracterise,2687
374,republican,2696
375,sic,2716
376,god,2732
377,next,2733
378,executive,2734
379,stars,2745
380,truism,2746
381,violent,2753
382,felt,2755
383,entity,2764
384,understand,2769
385,azeri,2820
386,rival,2824
387,justice,2844
388,lost,2851
389,hard,2856
390,fake,2857
391,-but-problematic,2859
392,promotional,2865
393,nearly,2869
394,suggest,2870
395,justice,2880
396,american,2891
397,minimalists,2892
398,hahagohusa,2900
399,fallen,2904
400,owns,2909
401,women,2918
402,shows,2919
403,confirming,2922
404,confirmed,2923
405,platinum,2928
406,fredrikshamn,2931
407,breakthrough,2957
408,group,2964
409,squeaky-clean,2979
410,gentile,2980
411,illustrate,2983
412,foremost,2989
413,important,2990
414,achievement,2994
415,apostolic,2995
416,imran,3000
417,diminution,3007
418,still,3032
419,less-than-fact-based,3033
420,plexiglas,3034
421,caucasoid,3043
422,post-modern,3046
423,two,3059
424,cry,3060
425,glow,3063
426,stressed,3069
427,held,3082
428,capital,3091
429,works,3097
430,swiss,3100
431,bringing,3106
432,pederant,3111
433,emphasized,3115
434,reciept,3118
435,first,3129
436,noted,3131
437,fourteenth,3158
438,transferred,3159
439,family,3204
440,flanders,3206
441,adopt,3219
442,numerous,3220
443,amd64,3239
444,male,3241
445,pola,3252
446,engine,3255
447,ladies,3265
448,left-oppositonalists,3270
449,qualifications,3272
450,another,3273
451,gp140,3274
452,reported,3292
453,benefactress,3306
454,high-quality,3316
455,unselfish,3318
456,lithuania,3319
457,stronghold,3326
458,guard,3330
459,reflects,3333
460,notable,3356
461,fashion,3359
462,committing,3360
463,religion,3368
464,several,3397
465,political,3412
466,bitterness,3420
467,mediterranean,3431
468,away,3442
469,nationalists,3456
470,river,3457
471,currently,3461
472,many,3473
473,battle,3481
474,missippi,3495
475,superstation,3509
476,experts,3513
477,modernized,3520
478,everything,3521
479,massive,3523
480,determined,3540
481,dismembered,3542
482,inform,3543
483,muslim,3546
484,4,3554
485,animal,3560
486,dumping,3563
487,proclaiming,3566
488,allowed,3575
489,people,3583
490,march,3587
491,capturing,3597
492,exploit,3604
493,patriots,3610
494,either,3640
495,expulsions,3648
496,mind-boggling,3650
497,stalinist,3662
498,fact,3676
499,effects,3685
500,coalition,3700
501,sutra,3722
502,ultra-,3735
503,now-infamous,3746
504,endured,3752
505,death,3755
506,several,3762
507,husband,3767
508,historical,3772
509,subject,3788
510,traditional,3790
511,mexico,3791
512,shows,3795
513,secretly,3798
514,company,3802
515,network,3804
516,serious,3829
517,appear,3833
518,complicatedly,3842
519,began,3843
520,conspired,3851
521,gareth,3852
522,government,3856
523,supervillainess,3860
524,cofounder,3863
525,threatened,3871
526,recognition,3882
527,mobilization,3883
528,copy,3889
529,restoration,3892
530,methods,3896
531,strategic,3902
532,selma,3905
533,perticulary,3908
534,possibility,3912
535,st,3926
536,frequently,3932
537,protestants,3933
538,future,3937
539,associates,3962
540,dokdo,3964
541,also,3971
542,flagship,3972
543,achaemenid,3974
544,himbut,3976
545,lollies,3997
546,within,4002
547,ban,4005
548,local,4008
549,high,4026
550,conceding,4027
551,staff,4030
552,executed,4031
553,also,4033
554,critics,4036
555,red,4052
556,home,4077
557,towns,4083
558,conventional,4084
559,loophole,4093
560,family,4100
561,society,4109
562,rss,4145
563,feminists,4146
564,despite,4147
565,reclusive,4150
566,killing,4151
567,attacks,4156
568,worldwide,4165
569,surya,4171
570,winning,4174
571,bakries,4175
572,oriental,4192
573,marriage,4193
574,ex-yugoslavian,4194
575,hsh,4198
576,irish,4204
577,modern,4214
578,armed,4217
579,honor,4222
580,conclude,4237
581,serbo-croat,4244
582,although,4252
583,concede,4254
584,diana,4272
585,removed,4279
586,-occupation,4282
587,umlaut,4295
588,secretly,4303
589,spotted,4305
590,killed,4309
591,/hack,4313
592,kingdoms,4326
593,leaderships,4331
594,vain,4336
595,recognized,4347
596,country,4349
597,padanians,4353
598,though,4361
599,despite,4380
600,citing,4394
601,launches,4401
602,considered,4402
603,spearheading,4403
604,states,4405
605,main,4407
606,000,4411
607,atheist,4414
608,seems,4421
609,sic,4427
610,initially,4437
611,gastrin,4438
612,completed,4440
613,champion,4446
614,christian,4452
615,populations,4455
616,apocalyptic,4461
617,political,4484
618,pok,4485
619,know,4486
620,masseuse,4487
621,retaliatory,4495
622,using,4512
623,operates,4516
624,republican,4531
625,absorbtion,4537
626,deliberate,4542
627,belief,4548
628,maytrdom,4559
629,complaints,4564
630,ulster,4582
631,courtiers,4590
632,claimed,4597
633,pseudoreligious,4598
634,bloomed,4621
635,excommunications,4631
636,book,4640
637,alfred,4643
638,void,4645
639,fleur,4646
640,british,4647
641,attacks,4648
642,islamist,4657
643,indian,4665
644,sic,4667
645,practise,4668
646,dr,4671
647,britain,4674
648,nearly,4681
649,entres,4700
650,european,4701
651,approximately,4714
652,mixing,4728
653,colloquial,4733
654,genetics,4739
655,faithful,4740
656,oriental,4749
657,build,4755
658,popularly,4758
659,world,4770
660,promoted,4776
661,islamist,4777
662,citizens,4778
663,washed,4786
664,found,4796
665,programmers,4817
666,escaping,4829
667,jewish,4835
668,submit,4840
669,joked,4850
670,managed,4852
671,political,4855
672,excess,4865
673,evolution,4866
674,religious,4873
675,blood,4881
676,/actress,4891
677,gnu/,4911
678,high,4917
679,receiving,4919
680,neo-fascism,4920
681,axe,4925
682,promised,4932
683,mass-murderer,4938
684,world-renowned,4941
685,inaccessible,4946
686,manning,4962
687,allowed,4970
688,dance,4979
689,breakthrough,4991
690,massacre,5003
691,early,5010
692,day,5012
693,advantages,5013
694,featured,5019
695,increasingly,5030
696,collided,5052
697,escort,5054
698,son,5066
699,god,5083
700,recognised,5099
701,must,5111
702,israel,5116
703,undermines,5120
704,tells,5127
705,supremacist,5138
706,laymen,5158
707,received,5171
708,expected,5177
709,fear,5183
710,extrem,5188
711,invasion,5195
712,pyrex,5199
713,despite,5207
714,styled,5215
715,occurs,5217
716,official,5222
717,served,5224
718,christ,5227
719,killed,5229
720,rock,5251
721,groups,5269
722,laymen,5270
723,vararakn,5293
724,fued,5294
725,resorted,5306
726,researchers,5307
727,semiconductors,5317
728,females,5323
729,independent,5327
730,tradition,5330
731,over-inflated,5331
732,co-,5341
733,valorously,5347
734,islamic,5387
735,teh,5392
736,loyalist,5408
737,producers,5419
738,military,5421
739,claiming,5423
740,criticizing,5429
741,knowledge,5435
742,women,5438
743,organizations,5443
744,country,5445
745,comau,5448
746,ridden,5454
747,townshend,5456
748,believed,5462
749,muslim,5467
750,27-year-old,5497
751,windows,5526
752,software,5535
753,six,5537
754,blind,5554
755,fittingly,5564
756,another,5572
757,neo-nazi,5587
758,woman,5590
759,well,5592
760,intervention,5596
761,since,5610
762,termination,5617
763,orchestarted,5620
764,annexation,5628
765,faith,5644
766,comprises,5649
767,neutralism,5664
768,points,5681
769,life,5689
770,unwelcome,5697
771,became,5706
772,1970s,5711
773,intact,5721
774,critics,5730
775,bulgarian,5732
776,temporary,5739
777,supermegastar,5742
778,humanity,5745
779,special,5762
780,saving,5764
781,capture,5766
782,whites,5771
783,region,5784
784,formed,5790
785,right,5796
786,southerners,5799
787,alarm,5818
788,soon-to-be-ex-,5825
789,administration,5828
790,comparable,5832
791,civilisations,5837
792,israelitesthe,5842
793,began,5854
794,japanese,5856
795,fornication,5857
796,limits,5867
797,incorporation,5871
798,first,5882
799,ones,5894
800,corporate,5922
801,prime,5923
802,unfiarly,5930
803,articulate,5932
804,settlers,5933
805,silliness,5939
806,breeding,5944
807,american,5964
808,national,5968
809,drove,5972
810,argued,5974
811,follow,5977
812,found,5986
813,kashmiris,5987
814,ww2,5993
815,believed,5999
816,provoked,6002
817,self-identified,6005
818,one,6008
819,scholars,6013
820,canadian,6023
821,modern,6040
822,drama,6066
823,found,6068
824,deemed,6069
825,chicago,6079
826,fierce,6089
827,artistic,6093
828,saves,6101
829,2nd,6104
830,adp,6111
831,romania,6117
832,selling,6120
833,better,6124
834,tenant,6128
835,youngest,6131
836,anachronistic,6136
837,near,6142
838,-pov,6146
839,local,6148
840,recognised,6156
841,age,6158
842,reported,6163
843,solutions,6169
844,untied,6170
845,islands,6183
846,consternation,6185
847,ustasa,6190
848,need,6207
849,sic-povms,6214
850,church,6216
851,drugged,6229
852,naturalistic,6230
853,ago,6234
854,whim,6237
855,native,6238
856,call,6250
857,minutes,6260
858,touching,6266
859,many,6275
860,arkansas,6286
861,nationhood,6301
862,tendentiously,6305
863,superiority,6311
864,brexiteer,6323
865,unilaterally,6327
866,another,6333
867,required,6339
868,criticizes,6340
869,military,6346
870,mudered,6355
871,tmc,6357
872,destroyed,6364
873,would-be,6383
874,gurmukhi,6384
875,may,6390
876,sometimes,6394
877,revolt,6396
878,albeit,6404
879,believe,6406
880,second,6410
881,mahanayak,6412
882,insist,6419
883,elimination,6421
884,thus,6423
885,white,6432
886,republican,6439
887,hector,6445
888,bosnia,6462
889,sky,6468
890,either,6472
891,city,6475
892,rivals,6484
893,spain,6495
894,maintained,6499
895,separation,6502
896,informers,6503
897,perhaps,6520
898,push,6522
899,moslem,6537
900,jenilee,6539
901,although,6542
902,denominations,6559
903,members,6564
904,favorites,6565
905,indicated,6568
906,armeekorps,6574
907,celebrity,6575
908,communist,6579
909,dollars,6580
910,greek,6606
911,extensive,6607
912,adp,6608
913,ability,6612
914,julian,6626
915,violates,6635
916,he/she,6649
917,cockroach,6653
918,gnu/,6656
919,users,6659
920,functions,6660
921,showed,6673
922,following,6677
923,conclusion,6686
924,limited,6696
925,aeroplane,6699
926,bigots,6716
927,network,6724
928,ground,6746
929,moves,6747
930,appreciated,6748
931,service,6756
932,layman,6760
933,polemicist,6767
934,syrian,6777
935,free,6778
936,allegely,6790
937,superior,6798
938,peeress,6817
939,common,6819
940,tabloid,6829
941,mismanagement,6837
942,shown,6838
943,actress,6847
944,hum,6852
945,heavy,6861
946,possess,6862
947,alleged,6865
948,business,6872
949,communist,6874
950,disinterested,6877
951,accused,6881
952,would,6886
953,surrendered,6888
954,islam,6897
955,complete,6899
956,approached,6900
957,unbelievers,6907
958,official,6911
959,curb,6915
960,allege,6932
961,forger,6950
962,character,6951
963,gnu/,6952
964,michelle,6961
965,great,6967
966,self-promotional,6985
967,may,6995
968,communication,7000
969,netural,7003
970,political,7017
971,greek,7018
972,tenmalejournalists,7044
973,neutralise,7046
974,exploited,7047
975,grave,7054
976,necessitated,7055
977,dusty,7062
978,represents,7064
979,man,7066
980,settlersyitzhak,7070
981,workers,7087
982,advancement,7098
983,strip,7106
984,hirohito,7121
985,served,7124
986,wimmin,7129
987,hughes,7136
988,merited,7143
989,explore,7150
990,islamofascism,7155
991,clear,7165
992,many,7170
993,usfi,7174
994,largely,7177
995,described,7185
996,phenol,7190
997,however,7198
998,alexandra,7199
999,historical,7207
1000,protesters,7209
1001,makes,7211
1002,rgime,7220
1003,malvinas/,7222
1004,goverment,7243
1005,executions,7256
1006,bleah,7264
1007,david,7268
1008,heart,7275
1009,ns,7276
1010,emancipated,7283
1011,chinese,7286
1012,outdelivered,7294
1013,known,7306
1014,opinion,7310
1015,owns,7321
1016,however,7322
1017,abortion,7325
1018,seek,7334
1019,power,7339
1020,stating,7349
1021,regretfully,7361
1022,research,7371
1023,lip-service,7379
1024,besides,7381
1025,noting,7382
1026,emerging,7384
1027,opposing,7393
1028,partly,7403
1029,second,7414
1030,arguing,7416
1031,seen,7417
1032,sicko,7423
1033,boundary,7426
1034,fervant,7435
1035,vampiress,7437
1036,describes,7438
1037,know,7439
1038,jewish,7464
1039,over-,7465
1040,seizure,7470
1041,tyranny,7472
1042,ad,7474
1043,clearly,7476
1044,concluding,7482
1045,tribes,7485
1046,freed,7486
1047,returned,7491
1048,zionism,7498
1049,survived,7499
1050,attack,7512
1051,fait-divers,7516
1052,reform,7519
1053,river,7523
1054,scorn,7526
1055,close,7539
1056,agnostic,7549
1057,php,7555
1058,imposed,7571
1059,public,7572
1060,ironically-named,7573
1061,claims,7580
1062,back,7582
1063,rejected,7593
1064,sexual,7596
1065,lady,7602
1066,3,7605
1067,shear,7610
1068,kidnappers,7622
1069,since,7623
1070,microkernel,7625
1071,allegations,7627
1072,used,7631
1073,control,7633
1074,predominantly,7635
1075,catholic,7639
1076,overturning,7644
1077,included,7649
1078,anticipation,7652
1079,river,7659
1080,expos,7667
1081,sharif,7674
1082,samaria,7676
1083,shitislam,7699
1084,aditionally,7701
1085,records,7704
1086,awardwinning,7711
1087,world-class,7713
1088,segregationist,7714
1089,displacing,7749
1090,praising,7758
1091,many,7759
1092,risqu,7761
1093,etymological,7777
1094,retain,7793
1095,prone,7803
1096,instructed,7804
1097,tracts,7805
1098,zone,7810
1099,toy,7812
1100,novel,7825
1101,syncretistic,7837
1102,formal,7840
1103,ai,7845
1104,gangs,7857
1105,headquarter,7887
1106,destroyed,7894
1107,personally,7898
1108,democrats,7902
1109,narrowmindedness,7908
1110,handicaps,7921
1111,could,7923
1112,movement,7933
1113,poopies,7934
1114,first,7939
1115,central,7940
1116,sometimes,7945
1117,issues,7957
1118,deuterocanonical,7971
1119,allied,7974
1120,liquidity,7985
1121,significantly,8000
1122,argument,8014
1123,hyderabadi,8016
1124,incredibley,8017
1125,unsiprisingly,8020
1126,late,8024
1127,hold,8063
1128,ad,8071
1129,implications,8078
1130,prophet-founder,8091
1131,resisted,8098
1132,theorist,8108
1133,services,8110
1134,established,8111
1135,fascism,8116
1136,traditional,8119
1137,reversed,8136
1138,wildcat,8139
1139,killed,8140
1140,observed,8143
1141,sar,8156
1142,volksdeutsche,8157
1143,prince,8159
1144,moderates,8182
1145,recruiting,8191
1146,free,8193
1147,husband,8196
1148,-ruled,8210
1149,leona,8211
1150,bluecher,8219
1151,scored,8227
1152,research,8230
1153,first,8236
1154,seldomly,8238
1155,including,8239
1156,aprillaws,8241
1157,like,8253
1158,amalgamated,8257
1159,world-wide,8272
1160,irregardless,8283
1161,support,8286
1162,three,8288
1163,complaint,8308
1164,freedom,8311
1165,adulation,8313
1166,white,8319
1167,rescuing,8322
1168,greek,8324
1169,since,8334
1170,research,8338
1171,voluntary,8341
1172,class,8347
1173,tried,8353
1174,combat,8355
1175,publicly,8357
1176,racism,8369
1177,includingradio,8374
1178,official,8378
1179,force,8383
1180,enables,8384
1181,civilians,8387
1182,emerging,8391
1183,excess,8402
1184,expositions,8416
1185,numerous,8417
1186,males,8429
1187,harassing,8451
1188,negro,8459
1189,help,8472
1190,militant,8483
1191,overhastily,8494
1192,scholarly,8503
1193,south,8504
1194,sovereignty,8515
1195,served,8517
1196,apes,8521
1197,many,8525
1198,technologykaust,8530
1199,samaria,8537
1200,documented,8540
1201,reclaim,8546
1202,expose,8556
1203,ireland,8557
1204,american,8563
1205,tory,8579
1206,crimes,8586
1207,settlement,8602
1208,war,8603
1209,bloody,8624
1210,dokdo,8640
1211,readmitted,8669
1212,maintain,8672
1213,nearly,8680
1214,ultra-,8684
1215,right-wing,8698
1216,malpheasant,8705
1217,evolutionary,8712
1218,challenged,8721
1219,advert,8723
1220,jerusalem,8728
1221,gnu/,8739
1222,con-artist,8746
1223,distinctive,8753
1224,circular,8755
1225,occurs,8756
1226,orthodox,8777
1227,german,8778
1228,young,8789
1229,introduced,8805
1230,wi,8821
1231,governor,8822
1232,white,8829
1233,felony,8832
1234,spiritual,8838
1235,four,8843
1236,wall,8847
1237,sequestrate,8858
1238,gnu/,8863
1239,said,8865
1240,active,8880
1241,although,8885
1242,live,8886
1243,family,8893
1244,9,8903
1245,regime,8911
1246,satanists,8924
1247,always,8934
1248,intensly,8935
1249,rights,8936
1250,briefly,8937
1251,ever,8940
1252,he/she,8956
1253,high,8957
1254,conflict,8958
1255,shamaness,8962
1256,anti-mormons,8969
1257,parinirvana,8986
1258,political,8997
1259,artist,9003
1260,less,9009
1261,advances,9021
1262,proving,9027
1263,democratic,9035
1264,chastisement,9039
1265,shows,9040
1266,worked,9061
1267,fogh,9075
1268,bound,9084
1269,history,9087
1270,hallucinations,9093
1271,embracing,9094
1272,british,9096
1273,wite,9108
1274,proposed,9129
1275,janssen,9131
1276,imagined,9135
1277,lusitania,9151
1278,greeks,9165
1279,connotes,9175
1280,/disproportianate,9190
1281,evidence,9200
1282,often,9210
1283,religious,9215
1284,mediterranean,9224
1285,since,9225
1286,know,9234
1287,reporter,9236
1288,reestablishment,9242
1289,taxonomic,9254
1290,yellow,9265
1291,anarchist,9271
1292,sunni,9272
1293,established,9275
1294,us,9280
1295,causes,9295
1296,direct,9311
1297,staged,9318
1298,truth,9319
1299,font,9336
1300,19tos,9339
1301,sodomy,9341
1302,security,9343
1303,discovered,9359
1304,customary,9373
1305,goes,9387
1306,often,9404
1307,note,9407
1308,his/her,9416
1309,finichieo,9429
1310,netural,9443
1311,gorilla,9452
1312,little,9453
1313,special,9454
1314,many,9455
1315,group,9459
1316,improvements,9470
1317,sister,9476
1318,ultra-,9479
1319,democratic,9491
1320,report,9508
1321,determined,9510
1322,faith,9519
1323,kaffir,9524
1324,armenia,9531
1325,hottentot,9538
1326,best-,9542
1327,misreport,9549
1328,win,9552
1329,goliath,9553
1330,shows,9566
1331,belief,9574
1332,conquest,9576
1333,young,9580
1334,sometimes,9585
1335,international,9597
1336,regarded,9623
1337,sabbath,9630
1338,strongly,9631
1339,breakaway,9632
1340,slaying,9634
1341,promoted,9640
1342,risk,9643
1343,love,9653
1344,landing,9656
1345,repatriations,9661
1346,recognized,9662
1347,typically,9679
1348,fact,9686
1349,generic,9688
1350,enforce,9698
1351,activists,9702
1352,martakert,9709
1353,held,9713
1354,animosity,9720
1355,decisive,9722
1356,strand,9727
1357,fortunatly,9729
1358,new,9733
1359,city,9749
1360,democratisation,9759
1361,support,9760
1362,world,9764
1363,jewish,9771
1364,immigrant,9772
1365,lack,9775
1366,near-,9776
1367,monkeys,9786
1368,would,9791
1369,persecutions,9796
1370,protagonists,9817
1371,discussed,9827
1372,allegations,9834
1373,co-opted,9835
1374,remained,9841
1375,people,9846
1376,coincidentally,9852
1377,model,9858
1378,would,9863
1379,reuniting,9902
1380,wing,9907
1381,fled,9910
1382,possess,9932
1383,appropriate,9960
1384,brand,9986
1385,-slovak,9987
1386,fractionally,9998
1387,announced,10008
1388,honourably,10011
1389,gilad,10015
1390,attacked,10055
1391,laymen,10066
1392,football,10068
1393,mgk,10072
1394,enshrines,10075
1395,sebestacommonly,10084
1396,total,10088
1397,aconsnd,10091
1398,providing,10100
1399,technical,10101
1400,third,10104
1401,democrats,10109
1402,commentators,10118
1403,demands,10133
1404,american,10155
1405,self-described,10159
1406,trodden,10167
1407,peeress,10170
1408,cascadia,10176
1409,often,10189
1410,rudumentory,10190
1411,works,10192
1412,duplexes,10197
1413,solve,10199
1414,created,10205
1415,facts,10207
1416,buggy,10214
1417,reich,10223
1418,much-ballyhooed,10235
1419,artful,10248
1420,suppressed,10249
1421,berenstain,10251
1422,said,10257
1423,inclusion,10260
1424,ago,10263
1425,american,10287
1426,doctrine,10288
1427,too-,10289
1428,charges,10290
1429,birth,10301
1430,conduct,10308
1431,2015,10314
1432,iroquois,10321
1433,elaborated,10325
1434,shooting,10334
1435,values,10343
1436,october,10351
1437,royal,10354
1438,tools,10374
1439,attacking,10379
1440,administered,10405
1441,women,10407
1442,today,10424
1443,received,10426
1444,cotton,10447
1445,view,10459
1446,targetted,10475
1447,look,10478
1448,none,10483
1449,ever,10490
1450,members,10497
1451,micromanaged,10508
1452,taiwan,10537
1453,female,10573
1454,nearly,10582
1455,owing,10589
1456,impractically,10592
1457,returning,10598
1458,gang,10599
1459,rights,10605
1460,500,10606
1461,atrocities,10607
1462,redeem,10611
1463,destroyed,10616
1464,palestinian,10626
1465,laymen,10627
1466,exaggerated,10639
1467,croato-serbian,10651
1468,money,10656
1469,lack,10660
1470,populist,10667
1471,pouted,10669
1472,former,10674
1473,nationalization,10676
1474,ocuppied,10688
1475,either,10695
1476,scotland,10705
1477,promiscuity,10713
1478,opposing,10714
1479,preposition,10718
1480,invited,10719
1481,old,10722
1482,his/her,10730
1483,politician,10737
1484,fact,10739
1485,condemned,10749
1486,superhuman,10750
1487,achieved,10754
1488,factions,10766
1489,men,10768
1490,television,10774
1491,lasting,10778
